customer_id,customer_name,city,signup_date
1,Harsh Singh,Delhi,2024-05-10
2,Zoya Singh, Pune ,2025-08-26
3,Meera Verma,Delhi,2024-04-06
4,Aarav Jamwal,Delhi,2025-02-03
5,Neha Malhotra,BENGALURU,2025-06-15
6,Ritu Khan,Pune,2024-06-21
7,Aman Iyer,Delhi,2024-07-17
8,Sneha Sethi,Mumbai,2024-01-12
9,Ishaan Joshi,Delhi,2024-05-22
10,Dev Kapoor,bengaluru,2025-03-20
11,Neha Patel,Kolkata,2025-07-25
12,Kavya Das,Bengaluru,2025-07-06
13,Sneha Reddy,Pune,2025-03-17
14,Aditya Sethi,Pune,2024-11-05
15,Riya Joshi,Mumbai,2025-09-24
16,Neha Iyer,Hyderabad,2025-05-18
17,Vivaan Iyer,Mumbai,2024-01-21
18,Pooja Iyer,Delhi,2024-10-10
19,Harsh Malhotra,Delhi,2024-02-24
20,Karan Das,Jammu,2024-08-20
21,Sneha Nair,Kolkata,2024-02-23
22,Aman Verma,Hyderabad,2024-03-01
23,Nikhil Bhat,Bengaluru,2024-07-21
24,Riya Dogra,Mumbai,2024-11-20
25,Nikhil Singh,Pune,2024-11-07
26,Harsh Iyer,Delhi,2024-08-25
27,Zoya Das,Kolkata,2025-05-06
28,Ishaan Patel,Hyderabad,2024-10-16
29,Sneha Khan,Bengaluru,2025-05-20
30,Aarav Sethi,Mumbai,2024-01-05
31,Dev Patel,Mumbai,2024-04-20
32,Aditya Gupta,Jammu,2025-06-21
33,Karan Mehta,Delhi,2024-09-23
34,Priya Dogra,Hyderabad,2024-08-16
35,Karan Reddy,Jammu,2024-07-31
36,Sneha Malhotra,Hyderabad,2024-09-05
37,Aditya Iyer,Delhi,2024-11-20
38,Aarav Gupta,jammu,2024-01-18
39,Vivaan Iyer,Delhi,2024-04-18
40,Arjun Jamwal,Delhi,2025-10-03
41,Simran Nair,Chandigarh,2025-06-14
42,Ishaan Bhat,Mumbai,2024-08-08
43,Vivaan Singh,Delhi,2025-04-08
44,Ishaan Nair,Delhi,2024-11-07
45,Kabir Das, Bengaluru ,2025-08-10
46,Ritu Jamwal,Delhi,2025-02-05
47,Aarav Gupta,Hyderabad,2025-07-19
48,Simran Chopra,delhi,2024-08-01
49,Kavya Sharma,Kolkata,2024-05-04
50,Riya Patel,Bengaluru,2025-10-23
51,Karan Chopra,Delhi,2024-05-24
52,Pooja Jamwal,delhi,2024-06-04
53,Simran Dogra,hyderabad,2024-11-03
54,Manish Gupta,hyderabad,2024-01-22
55,Isha Nair,Mumbai,2025-10-09
56,Pooja Sethi,Delhi,2024-01-28
57,Pooja Dogra,Mumbai,2024-05-01
58,Diya Nair,Mumbai,2024-02-19
59,Riya Iyer,HYDERABAD,2025-10-04
60,Tanvi Rao,Kolkata,2024-01-24
61,Priya Mehta,Kolkata,2025-08-16
62,Sneha Patel,Delhi,2025-07-06
63,Tanvi Dogra,Delhi,2025-06-22
64,Nikhil Singh,Kolkata,2024-02-21
65,Ishaan Jamwal,Delhi,2024-05-14
66,Diya Reddy,Pune,2025-07-23
67,Priya Verma,Delhi,2024-08-17
68,Aarav Iyer,Chandigarh,2025-01-24
69,Zoya Malhotra,BENGALURU,2024-08-20
70,Aditya Mehta,Bengaluru,2025-07-07
71,Rohan Bhat,Delhi,2024-05-31
72,Ritu Verma,Hyderabad,2024-04-02
73,Ishaan Kapoor,Chandigarh,2025-08-19
74,Tanvi Mehta,Hyderabad,2024-04-17
75,Ritu Khan,Hyderabad,2024-01-06
76,Diya Bhat,Chandigarh,2025-08-01
77,Priya Khan,Chandigarh,2024-02-08
78,Isha Chopra,Mumbai,2025-06-21
79,Ananya Nair,Mumbai,2025-02-11
80,Priya Gupta,Kolkata,2024-05-13
81,Kavya Jamwal,Mumbai,2024-01-07
82,Priya Khan,BENGALURU,2025-11-16
83,Tanvi Bhat,Mumbai,2025-05-27
84,Manish Singh,Mumbai,2024-12-08
85,Sana Bhat,Delhi,2025-09-25
86,Zoya Reddy,Mumbai,2024-01-23
87,Diya Sethi,Mumbai,2025-07-18
88,Ananya Dogra,Mumbai,2024-08-06
89,Ananya Jamwal,Delhi,2024-08-14
90,Nikhil Khan,Pune,2024-05-26
91,Aarav Patel,Mumbai,2024-08-21
92,Harsh Iyer,Bengaluru,2024-08-30
93,Simran Khan,Pune,2024-05-16
94,Tanvi Iyer,Delhi,2025-10-18
95,Ananya Nair,chandigarh,2024-02-28
96,Simran Sethi,Hyderabad,2024-01-24
97,Harsh Rao,Delhi,2025-03-13
98,Neha Mehta,Pune,2024-01-01
99,Aman Singh,Chandigarh,2024-04-07
100,Sana Dogra,Bengaluru,2024-11-23
101,Ishaan Malhotra,Delhi,2024-09-15
102,Karan Sethi,Mumbai,2025-04-30
103,Varun Dogra,Bengaluru,2025-09-08
104,Kabir Chopra,Bengaluru,2025-04-28
105,Priya Dogra,Bengaluru,2024-04-19
106,Sana Patel,Mumbai,2024-06-18
107,Aditya Mehta,Delhi,2024-07-20
108,Arjun Gupta,Mumbai,2024-06-15
109,Vivaan Reddy,Chandigarh,2024-07-24
110,Sana Sharma,Hyderabad,2025-05-09
111,Aarav Kapoor,Mumbai,2024-07-24
112,Varun Bhat,Bengaluru,2025-04-13
113,Dev Nair,Bengaluru,2024-05-09
114,Kavya Iyer,Pune,2025-06-06
115,Varun Malhotra,Hyderabad,2025-11-13
116,Mitali Joshi, Bengaluru ,2025-02-14
117,Meera Mehta,Hyderabad,2024-03-17
118,Diya Reddy,Bengaluru,2024-06-19
119,Priya Bhat,MUMBAI,2024-01-28
120,Karan Verma,Kolkata,2024-06-27
121,Aman Verma,Jammu,2025-10-16
122,Aarav Sethi,Delhi,2024-02-17
123,Pooja Reddy,Bengaluru,2024-04-29
124,Tanvi Sethi,Kolkata,2025-03-31
125,Kabir Patel,Delhi,2024-01-06
126,Nikhil Joshi, Mumbai ,2025-03-28
127,Sana Nair,Delhi,2025-05-15
128,Tanvi Singh,chandigarh,2024-11-29
129,Karan Bhat,Pune,2024-01-22
130,Aarav Bhat,Chandigarh,2024-02-07
131,Harsh Malhotra,Jammu,2024-08-25
132,Harsh Das,Pune,2025-09-19
133,Riya Bhat,Chandigarh,2024-12-20
134,Neha Gupta,Mumbai,2024-09-05
135,Pooja Sethi,Pune,2024-06-18
136,Diya Khan,Bengaluru,2024-07-01
137,Priya Sethi,JAMMU,2024-05-11
138,Arjun Gupta,Mumbai,2024-08-05
139,Neha Chopra,Pune,2024-10-04
140,Aditya Patel,Mumbai,2025-03-09
141,Pooja Kapoor,Bengaluru,2024-11-03
142,Zoya Jamwal,Mumbai,2025-03-18
143,Priya Nair,Delhi,2024-03-23
144,Karan Khan,Delhi,2025-04-17
145,Pooja Dogra,Bengaluru,2025-11-13
146,Ananya Nair,Mumbai,2024-05-27
147,Rohan Das,Delhi,2024-01-16
148,Rohan Chopra,Delhi,2024-01-03
149,Simran Malhotra,Mumbai,2025-10-30
150,Isha Chopra,Delhi,2024-01-21
151,Pooja Verma,Delhi,2025-06-17
152,Aditya Nair,Delhi,2025-05-08
153,Ritu Sethi,Mumbai,2024-10-28
154,Riya Patel,Hyderabad,2025-11-21
155,Tanvi Verma,Pune,2025-04-18
156,Arjun Reddy,Mumbai,2024-01-27
157,Karan Gupta,Delhi,2024-08-06
158,Simran Patel,Delhi,2024-05-18
159,Isha Malhotra,Delhi,2024-04-15
160,Ritu Rao,Pune,2025-10-02
161,Karan Nair,Pune,2025-09-09
162,Aditya Verma,Delhi,2024-05-31
163,Pooja Patel,Bengaluru,2024-09-18
164,Kavya Das, Bengaluru ,2024-10-06
165,Vivaan Bhat,JAMMU,2024-12-29
166,Neha Rao,Bengaluru,2024-01-05
167,Varun Das,Bengaluru,2025-05-07
168,Manish Malhotra,Hyderabad,2024-03-17
169,Harsh Chopra,Kolkata,2024-09-19
170,Diya Singh,Hyderabad,2024-06-14
171,Ananya Joshi,Chandigarh,2024-11-17
172,Diya Das,Mumbai,2025-11-03
173,Manish Sharma,Pune,2024-11-12
174,Arjun Dogra,Mumbai,2025-05-01
175,Aman Verma,Delhi,2024-11-17
176,Riya Chopra,Delhi,2025-11-06
177,Neha Khan,Mumbai,2024-01-03
178,Neha Singh,Bengaluru,2024-02-13
179,Simran Patel,Bengaluru,2024-05-09
180,Simran Nair,Bengaluru,2024-02-26
181,Tanvi Dogra,jammu,2024-02-22
182,Aman Bhat,Mumbai,2025-05-28
183,Aarav Patel,Jammu,2025-07-09
184,Nikhil Chopra,Hyderabad,2024-09-02
185,Diya Jamwal,Chandigarh,2024-07-16
186,Isha Reddy,Kolkata,2024-04-18
187,Isha Bhat,Delhi,2025-04-22
188,Ritu Joshi,Mumbai,2025-02-14
189,Rohan Chopra,Kolkata,2024-02-17
190,Diya Singh,Hyderabad,2024-08-28
191,Riya Sharma,Jammu,2024-08-07
192,Rohan Gupta,Bengaluru,2025-11-03
193,Sana Joshi,Pune,2025-07-22
194,Isha Jamwal,Mumbai,2024-06-05
195,Aman Chopra,hyderabad,2024-01-10
196,Harsh Patel,Kolkata,2025-04-23
197,Ishaan Singh,Bengaluru,2025-03-11
198,Vivaan Iyer,Chandigarh,2024-05-22
199,Rohan Nair,Bengaluru,2024-11-29
200,Kabir Khan,Delhi,2025-08-07
201,Neha Chopra,Hyderabad,2024-02-25
202,Priya Malhotra,Mumbai,2024-01-02
203,Dev Patel,Pune,2024-03-04
204,Sneha Rao,Mumbai,2025-10-27
205,Riya Patel,Delhi,2024-07-21
206,Neha Joshi,Bengaluru,2024-12-06
207,Ananya Sharma,Kolkata,2025-02-10
208,Pooja Verma,Hyderabad,2025-04-22
209,Dev Patel,Chandigarh,2024-04-13
210,Neha Reddy,Pune,2025-02-26
211,Nikhil Mehta,Pune,2025-09-05
212,Ananya Malhotra,Delhi,2024-07-07
213,Mitali Patel,Mumbai,2024-08-11
214,Ritu Jamwal,Hyderabad,2024-07-08
215,Priya Khan,Mumbai,2025-06-28
216,Ritu Patel,Jammu,2024-06-20
217,Aditya Mehta,Jammu,2024-04-11
218,Nikhil Joshi,Kolkata,2025-06-11
219,Ritu Joshi,Delhi,2024-11-07
220,Nikhil Das,Bengaluru,2025-06-26
221,Ishaan Nair,Bengaluru,2025-01-10
222,Diya Sethi,Mumbai,2024-01-20
223,Mitali Patel,pune,2024-02-12
224,Vivaan Patel,Kolkata,2024-02-12
225,Karan Mehta,Mumbai,2024-07-11
226,Sana Jamwal,Mumbai,2025-04-20
227,Meera Singh,Chandigarh,2025-01-07
228,Priya Verma,Pune,2024-04-06
229,Neha Kapoor,Delhi,2025-03-04
230,Harsh Kapoor,Delhi,2024-05-11
231,Isha Malhotra,Delhi,2024-04-03
232,Aarav Verma,Chandigarh,2024-04-21
233,Pooja Reddy,Delhi,2025-05-09
234,Arjun Nair,Mumbai,2024-02-28
235,Aarav Das,Hyderabad,2024-02-26
236,Priya Khan,Delhi,2025-08-03
237,Sneha Nair,Bengaluru,2024-01-04
238,Rohan Bhat,Bengaluru,2025-04-22
239,Aman Kapoor,Bengaluru,2024-02-09
240,Tanvi Verma,Jammu,2025-09-10
241,Ananya Malhotra,Pune,2024-01-08
242,Isha Joshi,Bengaluru,2024-02-08
243,Riya Gupta,Hyderabad,2024-06-09
244,Rohan Das,Pune,2024-12-14
245,Kavya Sethi,Bengaluru,2024-09-07
246,Ishaan Singh,Hyderabad,2025-02-04
247,Zoya Reddy,Bengaluru,2025-08-22
248,Varun Malhotra,Mumbai,2025-04-09
249,Diya Das,Mumbai,2024-03-01
250,Aditya Gupta,,2024-02-02
251,Zoya Kapoor,Chandigarh,2024-11-22
252,Karan Jamwal,Mumbai,2024-02-15
253,Nikhil Bhat,Hyderabad,2025-04-02
254,Tanvi Patel,Mumbai,2024-12-09
255,Nikhil Chopra,Mumbai,2024-02-08
256,Sneha Singh,Chandigarh,2024-12-06
257,Isha Jamwal,Kolkata,2025-06-23
258,Harsh Jamwal,Delhi,2025-09-28
259,Priya Sharma,Delhi,2025-03-18
260,Diya Kapoor,Delhi,2025-08-06
261,Kavya Gupta,DELHI,2025-01-21
262,Zoya Dogra,Delhi,2024-08-14
263,Sneha Patel,Jammu,2025-05-19
264,Aditya Verma,delhi,2025-04-30
265,Aditya Das,Bengaluru,2024-08-17
266,Meera Das,Delhi,2024-10-20
267,Ishaan Patel,Pune,2024-12-20
268,Ananya Verma,mumbai,2025-11-16
269,Arjun Patel,Kolkata,2025-05-11
270,Ananya Iyer,Delhi,2024-10-09
271,Rohan Joshi,Bengaluru,2024-04-13
272,Nikhil Kapoor,delhi,2025-07-30
273,Aarav Malhotra,Hyderabad,2025-07-31
274,Pooja Joshi,Jammu,2024-08-13
275,Aarav Iyer,Delhi,2025-10-14
276,Sana Kapoor,Delhi,2025-07-15
277,Pooja Joshi,Bengaluru,2024-07-28
278,Diya Nair,Mumbai,2024-03-09
279,Ishaan Dogra,Bengaluru,2025-09-07
280,Zoya Mehta,Mumbai,2024-02-27
281,Tanvi Mehta,Chandigarh,2025-02-08
282,Aman Chopra,Bengaluru,2024-11-28
283,Nikhil Rao,Pune,2025-11-18
284,Harsh Iyer,Delhi,2024-01-22
285,Ananya Das, Bengaluru ,2024-06-29
286,Riya Malhotra,Delhi,2024-07-10
287,Harsh Gupta,Pune,2024-10-16
288,Karan Verma,Bengaluru,2025-06-16
289,Diya Sethi,bengaluru,2024-02-29
290,Ishaan Iyer,Kolkata,2024-01-29
291,Vivaan Nair,Jammu,2025-11-22
292,Tanvi Khan,Mumbai,2025-09-18
293,Aman Iyer,Pune,2024-01-16
294,Diya Gupta,Mumbai,2024-11-23
295,Priya Sethi,Hyderabad,2024-06-16
296,Rohan Kapoor,Mumbai,2025-02-08
297,Rohan Sethi,Jammu,2024-01-29
298,Harsh Iyer,Chandigarh,2025-02-20
299,Zoya Dogra,Delhi,2025-02-20
300,Aarav Kapoor,Mumbai,2025-10-17
301,Aman Chopra,Delhi,2025-11-30
302,Ananya Singh,Bengaluru,2024-11-10
303,Manish Verma,Pune,2025-08-12
304,Tanvi Joshi,Delhi,2024-03-16
305,Tanvi Khan,Jammu,2024-01-12
306,Zoya Nair,Kolkata,2025-01-03
307,Ritu Malhotra,Mumbai,2024-04-18
308,Ritu Chopra,Hyderabad,2024-03-24
309,Pooja Malhotra,Bengaluru,2024-05-14
310,Manish Bhat,Kolkata,2025-06-22
311,Rohan Das,Delhi,2024-09-27
312,Mitali Singh,Jammu,2024-10-23
313,Aditya Khan,Mumbai,2025-09-07
314,Meera Gupta,Kolkata,2024-04-08
315,Sneha Sharma,Mumbai,2024-07-29
316,Kavya Gupta,Mumbai,2024-01-07
317,Varun Iyer,Chandigarh,2024-02-23
318,Varun Chopra,Pune,2024-02-23
319,Riya Sethi,Delhi,2024-01-26
320,Varun Mehta,Bengaluru,2025-04-07
321,Ishaan Patel,Mumbai,2024-02-15
322,Harsh Sethi,Bengaluru,2024-02-10
323,Tanvi Jamwal,Delhi,2024-10-22
324,Rohan Patel,Bengaluru,2025-01-06
325,Meera Khan,Pune,2024-01-29
326,Aditya Dogra,Bengaluru,2025-05-27
327,Aarav Joshi,Hyderabad,2024-01-12
328,Sneha Das,jammu,2024-07-02
329,Neha Singh,Chandigarh,2025-04-14
330,Vivaan Kapoor,Bengaluru,2025-06-19
331,Aman Malhotra,Kolkata,2024-09-25
332,Rohan Gupta,JAMMU,2025-10-11
333,Arjun Verma,Chandigarh,2025-08-20
334,Ananya Dogra,Mumbai,2025-06-20
335,Vivaan Reddy,mumbai,2025-07-31
336,Harsh Iyer,Mumbai,2025-06-07
337,Kavya Malhotra,Hyderabad,2024-07-22
338,Simran Chopra,Mumbai,2025-06-05
339,Aditya Bhat,Delhi,2024-12-28
340,Karan Patel,Mumbai,2024-01-27
341,Ananya Malhotra,Pune,2024-08-18
342,Sneha Malhotra,Delhi,2025-08-07
343,Meera Das,pune,2025-05-31
344,Nikhil Joshi,Mumbai,2025-06-08
345,Aarav Mehta,Hyderabad,2025-02-26
346,Rohan Gupta,Mumbai,2025-01-30
347,Pooja Verma,Pune,2025-02-27
348,Sneha Malhotra,Chandigarh,2024-12-06
349,Kavya Iyer,Pune,2024-04-25
350,Zoya Khan,Bengaluru,2024-07-22
351,Priya Das,Jammu,2024-04-04
352,Sana Chopra, Delhi ,2024-02-22
353,Kabir Malhotra,Kolkata,2025-06-16
354,Diya Kapoor,Jammu,2024-11-17
355,Ananya Khan,Jammu,2025-09-26
356,Ritu Kapoor,Bengaluru,2024-02-15
357,Rohan Nair,Chandigarh,2024-01-07
358,Sneha Malhotra,Chandigarh,2024-11-19
359,Aditya Gupta,Mumbai,2025-11-30
360,Manish Bhat, Chandigarh ,2025-06-27
361,Diya Gupta,Bengaluru,2025-02-28
362,Dev Jamwal,Pune,2024-03-17
363,Meera Dogra,Hyderabad,2024-01-17
364,Rohan Patel,Delhi,2024-06-09
365,Sneha Dogra,Hyderabad,2025-07-17
366,Harsh Jamwal,Mumbai,2025-01-14
367,Aditya Dogra,Pune,2024-12-19
368,Kabir Sethi,Jammu,2024-12-30
369,Pooja Verma,chandigarh,2024-01-07
370,Harsh Rao,Mumbai,2024-04-02
371,Tanvi Sharma,Bengaluru,2025-01-16
372,Ananya Chopra,Mumbai,2025-06-14
373,Riya Gupta,Pune,2024-03-04
374,Riya Reddy,Mumbai,2024-02-26
375,Diya Kapoor,Kolkata,2024-02-19
376,Karan Singh,Mumbai,2024-09-16
377,Neha Mehta,Delhi,2024-05-20
378,Tanvi Bhat,Mumbai,2025-08-02
379,Diya Rao,Jammu,2024-03-21
380,Manish Malhotra,BENGALURU,2024-05-31
381,Kavya Dogra,Bengaluru,2024-04-19
382,Vivaan Verma,Mumbai,2024-12-24
383,Nikhil Chopra,,2024-01-02
384,Rohan Das,Jammu,2025-05-08
385,Kavya Verma,Bengaluru,2024-03-24
386,Aditya Joshi,Bengaluru,2025-05-08
387,Tanvi Sethi,Delhi,2025-11-08
388,Ritu Iyer,Bengaluru,2024-07-08
389,Tanvi Dogra,MUMBAI,2024-01-11
390,Sana Iyer,Chandigarh,2024-10-25
391,Dev Dogra,Delhi,2025-09-30
392,Kavya Sethi,Jammu,2024-05-25
393,Varun Dogra,Bengaluru,2025-03-23
394,Varun Sharma,Mumbai,2025-02-22
395,Pooja Patel,Chandigarh,2025-04-06
396,Aarav Sethi,Bengaluru,2025-11-01
397,Aman Rao,Bengaluru,2025-04-02
398,Kabir Dogra,Pune,2025-01-10
399,Rohan Nair,,2025-10-15
400,Aarav Malhotra,Mumbai,2024-03-01
